brand,image,link
Nutrilite,https://www.amway.com/medias/hmp-00-brands-nutrilite-m.jpg?context=bWFzdGVyfHJvb3R8MzY1NjR8aW1hZ2UvanBlZ3xzeXMtbWFzdGVyL3Jvb3QvaDNkL2hlYS85NjQ3MDAyOTQzNTE4L2htcC0wMC1icmFuZHMtbnV0cmlsaXRlLW0uanBnfGFiMTMwNDU1ODc2YWUyOWMwNjZmOTQxZTcxY2E3MTJhMTkzZmViMzA4Mzk3MmZjMmRhMzQ0YTE0ODA4Y2IyY2Q,/
Amway Home,https://www.amway.com/medias/hmp-00-brands-amwayhome-m.jpg?context=bWFzdGVyfHJvb3R8MjE3OTd8aW1hZ2UvanBlZ3xzeXMtbWFzdGVyL3Jvb3QvaDIxL2hiZC85NjQ3MDAzNDM1MDM4L2htcC0wMC1icmFuZHMtYW13YXlob21lLW0uanBnfGExZDFhYWU5YTllMmZjYzYyYTVjYzM3NzBmMjdmMjU5NDY1MjEzYTBlMmYxZWNjMTg0ZTYwM2ExNzUxZTEyM2I,/
Artistry,https://www.amway.com/medias/hmp-00-brands-artistry-m.jpg?context=bWFzdGVyfHJvb3R8MjQ5NTJ8aW1hZ2UvanBlZ3xzeXMtbWFzdGVyL3Jvb3QvaDQ2L2hjNy85NjQ3MDAzMTQwMTI2L2htcC0wMC1icmFuZHMtYXJ0aXN0cnktbS5qcGd8ZmVmNWY0ZDk2NDhmNDA3YzdhZmQ4ZjMxODZlOTc1ZDQ4ZTk3YjEyYTRkYTNiMWJjZWNkMmNhNTdjZGM1YjA0Mg,/
XS Energy,https://www.amway.com/medias/hmp-00-brands-xs-us-m.jpg?context=bWFzdGVyfHJvb3R8MzI2MDJ8aW1hZ2UvanBlZ3xzeXMtbWFzdGVyL3Jvb3QvaDQ4L2hjNC85NjQ3MDAzMjA1NjYyL2htcC0wMC1icmFuZHMteHMtdXMtbS5qcGd8MjQ0NjEzMjU5MTY0ZTFmZDFjZTIxNzBiMDFiZjllNmU2NzQ5OGM5MTc5MTgzMjRiYTc5ZmI1ZTA0NWJjMDVmNQ,/
G&H,https://www.amway.com/medias/hmp-00-brands-gh-m.jpg?context=bWFzdGVyfHJvb3R8MzI4MzF8aW1hZ2UvanBlZ3xzeXMtbWFzdGVyL3Jvb3QvaDJiL2hhYy85NjQ3MDAzOTI2NTU4L2htcC0wMC1icmFuZHMtZ2gtbS5qcGd8MmExYzczZTU0NDAyZjI0M2Q2ODBkMTY2ZmRmODY1ZjFiNDI1NDk3MWM1ZWM5OGU3MTQ2M2Q3ZTZhZTE3MGZjYw,/
Glister,https://www.amway.com/medias/hmp-00-brands-glister-m.jpg?context=bWFzdGVyfHJvb3R8MjA4MjB8aW1hZ2UvanBlZ3xzeXMtbWFzdGVyL3Jvb3QvaGFmL2g1ZC85NjQ3MDA0MTIzMTY2L2htcC0wMC1icmFuZHMtZ2xpc3Rlci1tLmpwZ3xkYzM2Yzc1NWNkYWU5MzlkZmIxMjUxODc1MzkyOGJkNjNiMjFlOWNkMDE1MWM3NWU4MWVhMmUyNzc0NDFlNDM4,/
Satinique,https://www.amway.com/medias/hmp-00-brands-satinique-m.jpg?context=bWFzdGVyfHJvb3R8MzY5Njh8aW1hZ2UvanBlZ3xzeXMtbWFzdGVyL3Jvb3QvaGYyL2g1Ni85NjQ3MDA0MzE5Nzc0L2htcC0wMC1icmFuZHMtc2F0aW5pcXVlLW0uanBnfGEwZmU5ZTkxMmMwNWJmMzMxMmNkN2UzMWI5ZDc5MTZhMmQ5YmQyYmQwNWQ3MzU2MDgxOWQzN2Y0MWQwZmU5OTI,/
eSpring,https://www.amway.com/medias/hmp-00-brands-espring-m.jpg?context=bWFzdGVyfHJvb3R8MjY0Njd8aW1hZ2UvanBlZ3xzeXMtbWFzdGVyL3Jvb3QvaDMxL2g1Ni85NjQ3MDA0Mzg1MzEwL2htcC0wMC1icmFuZHMtZXNwcmluZy1tLmpwZ3xiMWU4MzAxYmVjMTkyMTUyMmE4YmRjMDRhZTY2M2U1YjBhZjU1YmYxMjQ1ZDk5YzRhN2VhMDBkMzE1Njk3M2Nh,/
Atmosphere,https://www.amway.com/medias/hmp-00-brands-atmosphere-m.jpg?context=bWFzdGVyfHJvb3R8MzYyNjN8aW1hZ2UvanBlZ3xzeXMtbWFzdGVyL3Jvb3QvaGEzL2g0OC85NjQ3MDA0Nzc4NTI2L2htcC0wMC1icmFuZHMtYXRtb3NwaGVyZS1tLmpwZ3w0Yjk3Nzc2MDRhNzFhZDUzNDE3ZjA1NDU1ZGU4ZGVkMTMwN2ZlMWE0NThjY2IzM2IzYjMxYTNlMzkwYTVkNzQw,/
iCook,https://www.amway.com/medias/hmp-00-brands-icook-m.jpg?context=bWFzdGVyfHJvb3R8MzE3NjR8aW1hZ2UvanBlZ3xzeXMtbWFzdGVyL3Jvb3QvaDkyL2g0NS85NjQ3MDA0ODQ0MDYyL2htcC0wMC1icmFuZHMtaWNvb2stbS5qcGd8NzQxYjNjNTdmZThmYWM5YzdjOTU3N2JhOWZmZWQxM2IwYmU5YzdmZDhlNzA1ZTFlMWRjM2YwNTJkNjhjNTM3MQ,/